Workbook

Sheet Summary
A1: AfterShip Tracking: Test Summary
A2: Updates on its own from the Status column of the Test Cases sheet.
A4: Module | B4: Total | C4: Pass | D4: Fail | E4: Blocked | F4: N/A | G4: Not run | H4: % executed | I4: % pass
A5: Settings | B5: =COUNTIF('Test Cases'!$B$2:$B$76,A5) -> 11 | C5: =_xlfn.COUNTIFS('Test Cases'!$B$2:$B$76,$A5,'Test Cases'!$J$2:$J$76,"Pass") -> 0 | D5: =_xlfn.COUNTIFS('Test Cases'!$B$2:$B$76,$A5,'Test Cases'!$J$2:$J$76,"Fail") -> 0 | E5: =_xlfn.COUNTIFS('Test Cases'!$B$2:$B$76,$A5,'Test Cases'!$J$2:$J$76,"Blocked") -> 0 | F5: =_xlfn.COUNTIFS('Test Cases'!$B$2:$B$76,$A5,'Test Cases'!$J$2:$J$76,"N/A") -> 0 | G5: =_xlfn.COUNTIFS('Test Cases'!$B$2:$B$76,$A5,'Test Cases'!$J$2:$J$76,"Not run") -> 11 | H5: =IF(B5=0,0,(B5-G5)/B5) -> 0 | I5: =IF((C5+D5)=0,0,C5/(C5+D5)) -> 0
A6: Courier list | B6: =COUNTIF('Test Cases'!$B$2:$B$76,A6) -> 9 | C6: =_xlfn.COUNTIFS('Test Cases'!$B$2:$B$76,$A6,'Test Cases'!$J$2:$J$76,"Pass") -> 0 | D6: =_xlfn.COUNTIFS('Test Cases'!$B$2:$B$76,$A6,'Test Cases'!$J$2:$J$76,"Fail") -> 0 | E6: =_xlfn.COUNTIFS('Test Cases'!$B$2:$B$76,$A6,'Test Cases'!$J$2:$J$76,"Blocked") -> 0 | F6: =_xlfn.COUNTIFS('Test Cases'!$B$2:$B$76,$A6,'Test Cases'!$J$2:$J$76,"N/A") -> 0 | G6: =_xlfn.COUNTIFS('Test Cases'!$B$2:$B$76,$A6,'Test Cases'!$J$2:$J$76,"Not run") -> 9 | H6: =IF(B6=0,0,(B6-G6)/B6) -> 0 | I6: =IF((C6+D6)=0,0,C6/(C6+D6)) -> 0
A7: Add shipment | B7: =COUNTIF('Test Cases'!$B$2:$B$76,A7) -> 14 | C7: =_xlfn.COUNTIFS('Test Cases'!$B$2:$B$76,$A7,'Test Cases'!$J$2:$J$76,"Pass") -> 0 | D7: =_xlfn.COUNTIFS('Test Cases'!$B$2:$B$76,$A7,'Test Cases'!$J$2:$J$76,"Fail") -> 0 | E7: =_xlfn.COUNTIFS('Test Cases'!$B$2:$B$76,$A7,'Test Cases'!$J$2:$J$76,"Blocked") -> 0 | F7: =_xlfn.COUNTIFS('Test Cases'!$B$2:$B$76,$A7,'Test Cases'!$J$2:$J$76,"N/A") -> 0 | G7: =_xlfn.COUNTIFS('Test Cases'!$B$2:$B$76,$A7,'Test Cases'!$J$2:$J$76,"Not run") -> 14 | H7: =IF(B7=0,0,(B7-G7)/B7) -> 0 | I7: =IF((C7+D7)=0,0,C7/(C7+D7)) -> 0
A8: Edit shipment | B8: =COUNTIF('Test Cases'!$B$2:$B$76,A8) -> 4 | C8: =_xlfn.COUNTIFS('Test Cases'!$B$2:$B$76,$A8,'Test Cases'!$J$2:$J$76,"Pass") -> 0 | D8: =_xlfn.COUNTIFS('Test Cases'!$B$2:$B$76,$A8,'Test Cases'!$J$2:$J$76,"Fail") -> 0 | E8: =_xlfn.COUNTIFS('Test Cases'!$B$2:$B$76,$A8,'Test Cases'!$J$2:$J$76,"Blocked") -> 0 | F8: =_xlfn.COUNTIFS('Test Cases'!$B$2:$B$76,$A8,'Test Cases'!$J$2:$J$76,"N/A") -> 0 | G8: =_xlfn.COUNTIFS('Test Cases'!$B$2:$B$76,$A8,'Test Cases'!$J$2:$J$76,"Not run") -> 4 | H8: =IF(B8=0,0,(B8-G8)/B8) -> 0 | I8: =IF((C8+D8)=0,0,C8/(C8+D8)) -> 0
A9: Customer emails | B9: =COUNTIF('Test Cases'!$B$2:$B$76,A9) -> 8 | C9: =_xlfn.COUNTIFS('Test Cases'!$B$2:$B$76,$A9,'Test Cases'!$J$2:$J$76,"Pass") -> 0 | D9: =_xlfn.COUNTIFS('Test Cases'!$B$2:$B$76,$A9,'Test Cases'!$J$2:$J$76,"Fail") -> 0 | E9: =_xlfn.COUNTIFS('Test Cases'!$B$2:$B$76,$A9,'Test Cases'!$J$2:$J$76,"Blocked") -> 0 | F9: =_xlfn.COUNTIFS('Test Cases'!$B$2:$B$76,$A9,'Test Cases'!$J$2:$J$76,"N/A") -> 0 | G9: =_xlfn.COUNTIFS('Test Cases'!$B$2:$B$76,$A9,'Test Cases'!$J$2:$J$76,"Not run") -> 8 | H9: =IF(B9=0,0,(B9-G9)/B9) -> 0 | I9: =IF((C9+D9)=0,0,C9/(C9+D9)) -> 0
A10: Webhook | B10: =COUNTIF('Test Cases'!$B$2:$B$76,A10) -> 6 | C10: =_xlfn.COUNTIFS('Test Cases'!$B$2:$B$76,$A10,'Test Cases'!$J$2:$J$76,"Pass") -> 0 | D10: =_xlfn.COUNTIFS('Test Cases'!$B$2:$B$76,$A10,'Test Cases'!$J$2:$J$76,"Fail") -> 0 | E10: =_xlfn.COUNTIFS('Test Cases'!$B$2:$B$76,$A10,'Test Cases'!$J$2:$J$76,"Blocked") -> 0 | F10: =_xlfn.COUNTIFS('Test Cases'!$B$2:$B$76,$A10,'Test Cases'!$J$2:$J$76,"N/A") -> 0 | G10: =_xlfn.COUNTIFS('Test Cases'!$B$2:$B$76,$A10,'Test Cases'!$J$2:$J$76,"Not run") -> 6 | H10: =IF(B10=0,0,(B10-G10)/B10) -> 0 | I10: =IF((C10+D10)=0,0,C10/(C10+D10)) -> 0
A11: Sync command | B11: =COUNTIF('Test Cases'!$B$2:$B$76,A11) -> 4 | C11: =_xlfn.COUNTIFS('Test Cases'!$B$2:$B$76,$A11,'Test Cases'!$J$2:$J$76,"Pass") -> 0 | D11: =_xlfn.COUNTIFS('Test Cases'!$B$2:$B$76,$A11,'Test Cases'!$J$2:$J$76,"Fail") -> 0 | E11: =_xlfn.COUNTIFS('Test Cases'!$B$2:$B$76,$A11,'Test Cases'!$J$2:$J$76,"Blocked") -> 0 | F11: =_xlfn.COUNTIFS('Test Cases'!$B$2:$B$76,$A11,'Test Cases'!$J$2:$J$76,"N/A") -> 0 | G11: =_xlfn.COUNTIFS('Test Cases'!$B$2:$B$76,$A11,'Test Cases'!$J$2:$J$76,"Not run") -> 4 | H11: =IF(B11=0,0,(B11-G11)/B11) -> 0 | I11: =IF((C11+D11)=0,0,C11/(C11+D11)) -> 0
A12: Staff alerts | B12: =COUNTIF('Test Cases'!$B$2:$B$76,A12) -> 4 | C12: =_xlfn.COUNTIFS('Test Cases'!$B$2:$B$76,$A12,'Test Cases'!$J$2:$J$76,"Pass") -> 0 | D12: =_xlfn.COUNTIFS('Test Cases'!$B$2:$B$76,$A12,'Test Cases'!$J$2:$J$76,"Fail") -> 0 | E12: =_xlfn.COUNTIFS('Test Cases'!$B$2:$B$76,$A12,'Test Cases'!$J$2:$J$76,"Blocked") -> 0 | F12: =_xlfn.COUNTIFS('Test Cases'!$B$2:$B$76,$A12,'Test Cases'!$J$2:$J$76,"N/A") -> 0 | G12: =_xlfn.COUNTIFS('Test Cases'!$B$2:$B$76,$A12,'Test Cases'!$J$2:$J$76,"Not run") -> 4 | H12: =IF(B12=0,0,(B12-G12)/B12) -> 0 | I12: =IF((C12+D12)=0,0,C12/(C12+D12)) -> 0
A13: Cancellation | B13: =COUNTIF('Test Cases'!$B$2:$B$76,A13) -> 3 | C13: =_xlfn.COUNTIFS('Test Cases'!$B$2:$B$76,$A13,'Test Cases'!$J$2:$J$76,"Pass") -> 0 | D13: =_xlfn.COUNTIFS('Test Cases'!$B$2:$B$76,$A13,'Test Cases'!$J$2:$J$76,"Fail") -> 0 | E13: =_xlfn.COUNTIFS('Test Cases'!$B$2:$B$76,$A13,'Test Cases'!$J$2:$J$76,"Blocked") -> 0 | F13: =_xlfn.COUNTIFS('Test Cases'!$B$2:$B$76,$A13,'Test Cases'!$J$2:$J$76,"N/A") -> 0 | G13: =_xlfn.COUNTIFS('Test Cases'!$B$2:$B$76,$A13,'Test Cases'!$J$2:$J$76,"Not run") -> 3 | H13: =IF(B13=0,0,(B13-G13)/B13) -> 0 | I13: =IF((C13+D13)=0,0,C13/(C13+D13)) -> 0
A14: Customer pages | B14: =COUNTIF('Test Cases'!$B$2:$B$76,A14) -> 6 | C14: =_xlfn.COUNTIFS('Test Cases'!$B$2:$B$76,$A14,'Test Cases'!$J$2:$J$76,"Pass") -> 0 | D14: =_xlfn.COUNTIFS('Test Cases'!$B$2:$B$76,$A14,'Test Cases'!$J$2:$J$76,"Fail") -> 0 | E14: =_xlfn.COUNTIFS('Test Cases'!$B$2:$B$76,$A14,'Test Cases'!$J$2:$J$76,"Blocked") -> 0 | F14: =_xlfn.COUNTIFS('Test Cases'!$B$2:$B$76,$A14,'Test Cases'!$J$2:$J$76,"N/A") -> 0 | G14: =_xlfn.COUNTIFS('Test Cases'!$B$2:$B$76,$A14,'Test Cases'!$J$2:$J$76,"Not run") -> 6 | H14: =IF(B14=0,0,(B14-G14)/B14) -> 0 | I14: =IF((C14+D14)=0,0,C14/(C14+D14)) -> 0
A15: Security | B15: =COUNTIF('Test Cases'!$B$2:$B$76,A15) -> 3 | C15: =_xlfn.COUNTIFS('Test Cases'!$B$2:$B$76,$A15,'Test Cases'!$J$2:$J$76,"Pass") -> 0 | D15: =_xlfn.COUNTIFS('Test Cases'!$B$2:$B$76,$A15,'Test Cases'!$J$2:$J$76,"Fail") -> 0 | E15: =_xlfn.COUNTIFS('Test Cases'!$B$2:$B$76,$A15,'Test Cases'!$J$2:$J$76,"Blocked") -> 0 | F15: =_xlfn.COUNTIFS('Test Cases'!$B$2:$B$76,$A15,'Test Cases'!$J$2:$J$76,"N/A") -> 0 | G15: =_xlfn.COUNTIFS('Test Cases'!$B$2:$B$76,$A15,'Test Cases'!$J$2:$J$76,"Not run") -> 3 | H15: =IF(B15=0,0,(B15-G15)/B15) -> 0 | I15: =IF((C15+D15)=0,0,C15/(C15+D15)) -> 0
A16: Error handling | B16: =COUNTIF('Test Cases'!$B$2:$B$76,A16) -> 3 | C16: =_xlfn.COUNTIFS('Test Cases'!$B$2:$B$76,$A16,'Test Cases'!$J$2:$J$76,"Pass") -> 0 | D16: =_xlfn.COUNTIFS('Test Cases'!$B$2:$B$76,$A16,'Test Cases'!$J$2:$J$76,"Fail") -> 0 | E16: =_xlfn.COUNTIFS('Test Cases'!$B$2:$B$76,$A16,'Test Cases'!$J$2:$J$76,"Blocked") -> 0 | F16: =_xlfn.COUNTIFS('Test Cases'!$B$2:$B$76,$A16,'Test Cases'!$J$2:$J$76,"N/A") -> 0 | G16: =_xlfn.COUNTIFS('Test Cases'!$B$2:$B$76,$A16,'Test Cases'!$J$2:$J$76,"Not run") -> 3 | H16: =IF(B16=0,0,(B16-G16)/B16) -> 0 | I16: =IF((C16+D16)=0,0,C16/(C16+D16)) -> 0
A17: Total | B17: =SUM(B5:B16) -> 75 | C17: =SUM(C5:C16) -> 0 | D17: =SUM(D5:D16) -> 0 | E17: =SUM(E5:E16) -> 0 | F17: =SUM(F5:F16) -> 0 | G17: =SUM(G5:G16) -> 75 | H17: =IF(B17=0,0,(B17-G17)/B17) -> 0 | I17: =IF((C17+D17)=0,0,C17/(C17+D17)) -> 0
A18: % pass = Pass / (Pass + Fail); Blocked and N/A are left out.
A20: By priority
A21: Priority | B21: Total | C21: Fail
A22: Critical | B22: =COUNTIF('Test Cases'!$H$2:$H$76,A22) -> 10 | C22: =_xlfn.COUNTIFS('Test Cases'!$H$2:$H$76,A22,'Test Cases'!$J$2:$J$76,"Fail") -> 0
A23: High | B23: =COUNTIF('Test Cases'!$H$2:$H$76,A23) -> 32 | C23: =_xlfn.COUNTIFS('Test Cases'!$H$2:$H$76,A23,'Test Cases'!$J$2:$J$76,"Fail") -> 0
A24: Medium | B24: =COUNTIF('Test Cases'!$H$2:$H$76,A24) -> 24 | C24: =_xlfn.COUNTIFS('Test Cases'!$H$2:$H$76,A24,'Test Cases'!$J$2:$J$76,"Fail") -> 0
A25: Low | B25: =COUNTIF('Test Cases'!$H$2:$H$76,A25) -> 9 | C25: =_xlfn.COUNTIFS('Test Cases'!$H$2:$H$76,A25,'Test Cases'!$J$2:$J$76,"Fail") -> 0

Sheet Read me
A1: How to use this file
A2: What to fill in | B2: Only the yellow columns on Test Cases: Status, Actual result, Tester, Date tested. Everything else describes the test.
A3: Status values | B3: Not run, Pass, Fail, Blocked, N/A (pick from the dropdown). The Summary sheet counts them.
A4: Example of a filled row | B4: Status = Fail | Actual result = 'Customer received two shipped emails' | Tester = JD | Date tested = 2026-10-22
A5: Automated test | B5: The PHPUnit test that already covers the case (tests/Feature/AfterShipTrackingTest.php or tests/Isolated/AfterShipSettingsTest.php). 'Manual only' means no automated test, so check those by hand first.
A7: Before you start
A8: Test courier | B8: Outside production, use courier 'testing-courier' with numbers like ITD-<minutes>-<6 to 16 digits>, e.g. ITD-1-123456789. AfterShip moves it through Label created > In transit > Delivered on its own.
A9: API allowance | B9: The AfterShip account is on the free plan: 100 API calls a day (resets 04:37 UTC). Each save, refresh, courier-list fetch and Test connection uses one; webhooks are free. A full manual run uses roughly 20 to 30 calls. Never poll in a loop.
A10: Emails are real | B10: The local .env sends real email through Brevo. Use test customers whose inboxes you own; never use real customers.
A11: Queue worker | B11: Order emails go through the queue. Start it (php artisan queue:work) or emails stay queued. php artisan mail:check shows the state.
A12: Webhook tests | B12: AfterShip can only reach a public URL, so webhook cases run on live or staging, or locally by POSTing a signed body (header aftership-hmac-sha256 = base64 HMAC-SHA256 of the raw body with the webhook secret).
A13: Couriers | B13: Only couriers activated in AfterShip > Settings > Couriers can be chosen. Activate An Post and DPD Ireland there before testing them.
A14: Simulating failures | B14: Bad key: save a wrong key in Settings > AfterShip, then restore it. Rate limits and outages are hard to cause by hand; the automated test for each is listed.

Sheet Test Cases
A1: TC ID | B1: Module | C1: Title | D1: Preconditions | E1: Steps | F1: Test data | G1: Expected result | H1: Priority | I1: Type | J1: Status | K1: Actual result | L1: Tester | M1: Date tested | N1: Automated test
A2: AS-SET-01 | B2: Settings | C2: AfterShip tab opens | D2: Signed in as admin with Settings permission | E2: 1. Go to Settings > AfterShip | F2: - | G2: Page shows API key, Webhook, Delivery and status checks, and Test connection sections. Webhook URL ends in /api/v1/aftership/webhook. | H2: High | I2: Positive | J2: Not run | N2: Manual only
A3: AS-SET-02 | B3: Settings | C3: Save a new API key | D3: No key saved in admin (state reads 'Not set' or 'From the server .env') | E3: 1. Enter a valid API key 2. Click Save 3. Reload the page | F3: Valid AfterShip API key | G3: Saved. Field is empty after reload; state reads 'Set here, ending in <last 4>'. The full key is never shown. | H3: High | I3: Positive | J3: Not run | N3: AfterShipSettingsTest: a_saved_key_replaces_the_env_one
A4: AS-SET-03 | B4: Settings | C4: Blank key keeps the saved one | D4: A key is saved in admin | E4: 1. Leave API key blank 2. Change another field (e.g. auto-deliver) 3. Save | F4: - | G4: Saved key is unchanged (same last 4 characters). | H4: Medium | I4: Positive | J4: Not run | N4: AfterShipSettingsTest: a_blank_key_keeps_the_saved_one
A5: AS-SET-04 | B5: Settings | C5: Switch back to the .env value | D5: A key is saved in admin | E5: 1. Click 'Use the server .env value instead' 2. Save | F5: - | G5: Before save the state reads 'Will switch back to the server .env value when you save'. After save it reads 'From the server .env, ending in ...' (or 'Not set'). | H5: Medium | I5: Positive | J5: Not run | N5: AfterShipSettingsTest: clear_goes_back_to_env
A6: AS-SET-05 | B6: Settings | C6: Secrets never returned by the API | D6: A key and webhook secret are saved | E6: 1. Open browser DevTools > Network 2. Load Settings > AfterShip 3. Inspect the response of GET /api/admin/setting/aftership | F6: - | G6: Response has only set / source / last 4 for each secret. No full key or secret anywhere. | H6: High | I6: Security | J6: Not run | N6: AfterShipSettingsTest: the_page_never_returns_a_secret
A7: AS-SET-06 | B7: Settings | C7: Test connection with a good key | D7: Valid key saved | E7: 1. Click Test connection | F7: - | G7: Shows 'Connected. N couriers are activated:' and lists them. Uses 1 API call. | H7: High | I7: Positive | J7: Not run | N7: AfterShipSettingsTest: test_connection_lists_the_activated_couriers
A8: AS-SET-07 | B8: Settings | C8: Test connection with a bad key | D8: Save an invalid key (e.g. change one character) | E8: 1. Click Test connection | F8: Invalid key | G8: A clear refusal message is shown, even if an old courier list is stored. Restore the good key afterwards. | H8: High | I8: Negative | J8: Not run | N8: AfterShipSettingsTest: test_connection_reports_a_rejected_key
A9: AS-SET-08 | B9: Settings | C9: Sync interval limits | D9: - | E9: 1. Enter 10 in 'Check each parcel every', Save 2. Enter 2000, Save 3. Enter 60, Save 4. Clear the field, Save | F9: 10, 2000, 60, blank | G9: 10 and 2000 are refused: 'Enter a whole number of minutes between 15 and 1440, or leave it blank for automatic.' 60 saves. Blank saves and shows 'Automatic (...)' (12 h with a webhook secret, 1 h without). | H9: Medium | I9: Boundary | J9: Not run | N9: AfterShipSettingsTest: a_check_interval_outside_the_limits_is_refused
A10: AS-SET-09 | B10: Settings | C10: Auto-deliver switched off | D10: Order On the way with a tracking | E10: 1. Turn off 'Mark the order Delivered when the courier delivers it', Save 2. Courier reports Delivered (webhook or sync) | F10: - | G10: Shipment shows Delivered, but the order stays On the way. Turn the switch back on afterwards. | H10: Medium | I10: Positive | J10: Not run | N10: AfterShipSettingsTest: the_delivered_scan_can_be_switched_off
A11: AS-SET-10 | B11: Settings | C11: Admin without Settings permission | D11: Admin role without Settings permission | E11: 1. Try to save Settings > AfterShip (or POST /api/admin/setting/aftership) | F11: - | G11: Save is refused. Nothing changes. | H11: High | I11: Security | J11: Not run | N11: AfterShipSettingsTest: an_admin_without_settings_permission_cannot_save
A12: AS-SET-11 | B12: Settings | C12: New key drops the old courier list | D12: Key A saved, courier list loaded | E12: 1. Save key B (a different AfterShip account) 2. Open an order's courier picker | F12: Key B | G12: Courier list shows account B's activated couriers, not account A's. | H12: Medium | I12: Positive | J12: Not run | N12: AfterShipSettingsTest: a_new_key_drops_the_old_accounts_courier_list
A13: AS-COU-01 | B13: Courier list | C13: Only activated couriers offered | D13: Couriers activated in AfterShip > Settings > Couriers | E13: 1. Open a Confirmed order 2. Click 'Search your AfterShip couriers' under Shipment tracking | F13: - | G13: Only couriers activated in the AfterShip account appear (plus testing-courier outside production). | H13: High | I13: Positive | J13: Not run | N13: AfterShipTrackingTest: only_couriers_activated_in_aftership_are_offered
... A76: AS-ERR-03 | B76: Error handling | C76: Half-finished save | D76: A save stored the shipment but failed before moving the order | E76: 1. Click Save again | F76: - | G76: The retry finishes the job: order moves to On the way, one email sent. | H76: Low | I76: Edge | J76: Not run | N76: AfterShipTrackingTest: a_save_that_stored_the_row_but_did_not_ship_the_order_is_finished_by_the_retry
